<?xml version="1.0" encoding="UTF-8" ?>
<!DOCTYPE mapper PUBLIC "-//mybatis.org//DTD Mapper 3.0//EN"
             "http://mybatis.org/dtd/mybatis-3-mapper.dtd">

<mapper namespace="net.skhu.mapper.UserMapper">

	<select id="findOneByUser_id" resultType="User">
		SELECT * FROM user WHERE user_id = #{user_id}
	</select>
	
	<select id="findOneById" resultType="User">
		SELECT * FROM user WHERE id = #{id}
	</select>
	
	<select id="findAll" resultType="User">
		SELECT * FROM user
	</select>
	
	<update id="update">
		UPDATE user SET pw = #{pw}, email = #{email}, phone = #{phone} WHERE id = #{id}
	</update>
	
	<delete id="delete">
	    DELETE FROM user WHERE id = #{id}
	</delete>

</mapper>

