<?xml version="1.0" encoding="UTF-8" ?>
<!DOCTYPE mapper PUBLIC "-//mybatis.org//DTD Mapper 3.0//EN"
             "http://mybatis.org/dtd/mybatis-3-mapper.dtd">

<mapper namespace="net.skhu.mapper.BoardMapper">

	<select id="findAll" resultType="Board">
		SELECT * FROM board WHERE id!=4
	</select>
	
	<select id="findAllManager" resultType="Board">
		SELECT * FROM board WHERE id!=2 AND id!=5
	</select>
	
	<select id="findAllNoManager" resultType="Board">
		SELECT * FROM board WHERE id!=1 AND id!=5
	</select>
	
	<select id="findOne" resultType="Board">
		SELECT * FROM board WHERE id=#{id}
	</select>

</mapper>