<?xml version="1.0" encoding="UTF-8" ?>
<!DOCTYPE tiles-definitions PUBLIC
     "-//Apache Software Foundation//DTD Tiles Configuration 3.0//EN"
     "http://tiles.apache.org/dtds/tiles-config_3_0.dtd">
<tiles-definitions>

  <definition name="layout_user" template="/WEB-INF/include/layout.jsp">
    <put-attribute name="user_menu" value="/WEB-INF/include/menu_user.jsp" />
    <put-attribute name="manager_menu" value="/WEB-INF/include/menu_manager.jsp" />
    <put-attribute name="body" value="" />
  </definition>
  
  <definition name="embeded/*" template="/WEB-INF/include/emptyLayout.jsp">
    <put-attribute name="body" value="/WEB-INF/views/embeded/{1}.jsp" />
  </definition>
  
  <definition name="*/*" extends="layout_user">
    <put-attribute name="body" value="/WEB-INF/views/{1}/{2}.jsp" />
  </definition>
  
  <definition name="*" extends="layout_user">
    <put-attribute name="body" value="/WEB-INF/views/{1}.jsp" />
  </definition>

</tiles-definitions>
